날짜,수치,키워드
2025-03-18,76.58227,우유거품기
2025-03-19,72.36286,우유거품기
2025-03-20,66.87763,우유거품기
2025-03-21,60.97046,우유거품기
2025-03-22,55.27426,우유거품기
2025-03-23,63.29113,우유거품기
2025-03-24,55.90717,우유거품기
2025-03-25,57.38396,우유거품기
2025-03-26,60.97046,우유거품기
2025-03-27,51.47679,우유거품기
2025-03-28,52.32067,우유거품기
2025-03-29,52.95358,우유거품기
2025-03-30,69.19831,우유거품기
2025-03-31,69.19831,우유거품기
2025-04-01,80.80168,우유거품기
2025-04-02,61.81434,우유거품기
2025-04-03,47.67932,우유거품기
2025-04-04,45.35864,우유거품기
2025-04-05,54.2194,우유거품기
2025-04-06,63.5021,우유거품기
2025-04-07,45.99156,우유거품기
2025-04-08,59.49367,우유거품기
2025-04-09,52.53164,우유거품기
2025-04-10,51.68776,우유거품기
2025-04-11,46.20253,우유거품기
2025-04-12,47.89029,우유거품기
2025-04-13,67.72151,우유거품기
2025-04-14,66.45569,우유거품기
2025-04-15,52.1097,우유거품기
2025-04-16,51.89873,우유거품기
2025-04-17,50.84388,우유거품기
2025-04-18,40.92827,우유거품기
2025-04-19,39.02953,우유거품기
2025-04-20,45.14767,우유거품기
2025-04-21,50.84388,우유거품기
2025-04-22,46.20253,우유거품기
2025-04-23,43.03797,우유거품기
2025-04-24,47.89029,우유거품기
2025-04-25,34.17721,우유거품기
2025-04-26,39.87341,우유거품기
2025-04-27,45.14767,우유거품기
2025-04-28,41.56118,우유거품기
2025-04-29,36.91983,우유거품기
2025-04-30,32.91139,우유거품기
2025-05-01,40.92827,우유거품기
2025-05-02,33.12236,우유거품기
2025-05-03,36.07594,우유거품기
2025-05-04,35.02109,우유거품기
2025-05-05,41.56118,우유거품기
2025-05-06,50.42194,우유거품기
2025-05-07,42.61603,우유거품기
2025-05-08,39.66244,우유거품기
2025-05-09,48.10126,우유거품기
2025-05-10,49.36708,우유거품기
2025-05-11,43.24894,우유거품기
2025-05-12,50.63291,우유거품기
2025-05-13,44.51476,우유거품기
2025-05-14,35.86497,우유거품기
2025-05-15,40.92827,우유거품기
2025-05-16,39.2405,우유거품기
2025-05-17,32.91139,우유거품기
2025-05-18,45.78059,우유거품기
2025-05-19,41.98312,우유거품기
2025-05-20,39.45147,우유거품기
2025-05-21,33.12236,우유거품기
2025-05-22,36.91983,우유거품기
2025-05-23,34.81012,우유거품기
2025-05-24,33.33333,우유거품기
2025-05-25,34.81012,우유거품기
2025-05-26,35.654,우유거품기
2025-05-27,33.75527,우유거품기
2025-05-28,35.02109,우유거품기
2025-05-29,35.02109,우유거품기
2025-05-30,28.90295,우유거품기
2025-05-31,26.16033,우유거품기
2025-06-01,33.33333,우유거품기
2025-06-02,39.2405,우유거품기
2025-06-03,36.07594,우유거품기
2025-06-04,31.85654,우유거품기
2025-06-05,31.85654,우유거품기
2025-06-06,37.34177,우유거품기
2025-06-07,36.07594,우유거품기
2025-06-08,48.5232,우유거품기
2025-06-09,35.86497,우유거품기
2025-06-10,36.49789,우유거품기
2025-06-11,39.66244,우유거품기
2025-06-12,27.42616,우유거품기
2025-06-13,33.33333,우유거품기
2025-06-14,26.16033,우유거품기
2025-06-15,38.39662,우유거품기
2025-06-16,32.91139,우유거품기
2025-06-17,32.06751,우유거품기
2025-06-18,32.70042,우유거품기
2025-06-19,26.79324,우유거품기
2025-06-20,35.02109,우유거품기
2025-06-21,33.96624,우유거품기
2025-06-22,35.23206,우유거품기
2025-06-23,29.11392,우유거품기
2025-06-24,33.75527,우유거품기
2025-06-25,34.59915,우유거품기
2025-06-26,32.91139,우유거품기
2025-06-27,33.33333,우유거품기
2025-06-28,27.63713,우유거품기
2025-06-29,29.74683,우유거품기
2025-06-30,34.81012,우유거품기
2025-07-01,33.33333,우유거품기
2025-07-02,34.17721,우유거품기
2025-07-03,28.90295,우유거품기
2025-07-04,35.654,우유거품기
2025-07-05,29.32489,우유거품기
2025-07-06,31.85654,우유거품기
2025-07-07,32.91139,우유거품기
2025-07-08,29.9578,우유거품기
2025-07-09,30.80168,우유거품기
2025-07-10,22.36286,우유거품기
2025-07-11,26.3713,우유거품기
2025-07-12,22.99578,우유거품기
2025-07-13,23.62869,우유거품기
2025-07-14,28.90295,우유거품기
2025-07-15,33.96624,우유거품기
2025-07-16,26.58227,우유거품기
2025-07-17,32.06751,우유거품기
2025-07-18,25.31645,우유거품기
2025-07-19,28.69198,우유거품기
2025-07-20,24.47257,우유거품기
2025-07-21,26.58227,우유거품기
2025-07-22,30.59071,우유거품기
2025-07-23,24.05063,우유거품기
2025-07-24,28.69198,우유거품기
2025-07-25,24.2616,우유거품기
2025-07-26,27.00421,우유거품기
2025-07-27,22.15189,우유거품기
2025-07-28,22.78481,우유거품기
2025-07-29,27.42616,우유거품기
2025-07-30,32.06751,우유거품기
2025-07-31,24.68354,우유거품기
2025-08-01,32.06751,우유거품기
2025-08-02,29.11392,우유거품기
2025-08-03,36.07594,우유거품기
2025-08-04,38.81856,우유거품기
2025-08-05,41.35021,우유거품기
2025-08-06,26.79324,우유거품기
2025-08-07,35.44303,우유거품기
2025-08-08,30.37974,우유거품기
2025-08-09,34.81012,우유거품기
2025-08-10,32.48945,우유거품기
2025-08-11,35.86497,우유거품기
2025-08-12,33.5443,우유거품기
2025-08-13,35.02109,우유거품기
2025-08-14,25.10548,우유거품기
2025-08-15,26.16033,우유거품기
2025-08-16,31.01265,우유거품기
2025-08-17,30.16877,우유거품기
2025-08-18,31.43459,우유거품기
2025-08-19,36.91983,우유거품기
2025-08-20,36.28691,우유거품기
2025-08-21,35.654,우유거품기
2025-08-22,32.06751,우유거품기
2025-08-23,32.91139,우유거품기
2025-08-24,35.44303,우유거품기
2025-08-25,34.17721,우유거품기
2025-08-26,35.86497,우유거품기
2025-08-27,34.38818,우유거품기
2025-08-28,41.77215,우유거품기
2025-08-29,33.96624,우유거품기
2025-08-30,32.06751,우유거품기
2025-08-31,34.59915,우유거품기
2025-09-01,41.77215,우유거품기
2025-09-02,43.88185,우유거품기
2025-09-03,40.29535,우유거품기
2025-09-04,37.55274,우유거품기
2025-09-05,39.45147,우유거품기
2025-09-06,44.9367,우유거품기
2025-09-07,46.20253,우유거품기
2025-09-08,40.08438,우유거품기
2025-09-09,46.20253,우유거품기
2025-09-10,44.09282,우유거품기
2025-09-11,41.98312,우유거품기
2025-09-12,36.28691,우유거품기
2025-09-13,45.78059,우유거품기
2025-09-14,45.56962,우유거품기
2025-09-15,45.78059,우유거품기
2025-09-16,45.78059,우유거품기
2025-09-17,44.51476,우유거품기
2025-09-18,42.19409,우유거품기
2025-09-19,46.4135,우유거품기
2025-09-20,46.4135,우유거품기
2025-09-21,47.25738,우유거품기
2025-09-22,48.10126,우유거품기
2025-09-23,36.28691,우유거품기
2025-09-24,47.04641,우유거품기
2025-09-25,53.37552,우유거품기
2025-09-26,38.39662,우유거품기
2025-09-27,44.09282,우유거품기
2025-09-28,56.54008,우유거품기
2025-09-29,48.73417,우유거품기
2025-09-30,52.53164,우유거품기
2025-10-01,45.78059,우유거품기
2025-10-02,43.45991,우유거품기
2025-10-03,34.17721,우유거품기
2025-10-04,39.87341,우유거품기
2025-10-05,35.86497,우유거품기
2025-10-06,39.2405,우유거품기
2025-10-07,45.56962,우유거품기
2025-10-08,52.95358,우유거품기
2025-10-09,59.70464,우유거품기
2025-10-10,52.95358,우유거품기
2025-10-11,57.8059,우유거품기
2025-10-12,69.19831,우유거품기
2025-10-13,74.05063,우유거품기
2025-10-14,58.22784,우유거품기
2025-10-15,59.49367,우유거품기
2025-10-16,50.84388,우유거품기
2025-10-17,49.36708,우유거품기
2025-10-18,58.43881,우유거품기
2025-10-19,59.2827,우유거품기
2025-10-20,95.14767,우유거품기
2025-10-21,80.59071,우유거품기
2025-10-22,60.97046,우유거품기
2025-10-23,65.18987,우유거품기
2025-10-24,59.2827,우유거품기
2025-10-25,52.74261,우유거품기
2025-10-26,82.06751,우유거품기
2025-10-27,71.94092,우유거품기
2025-10-28,61.3924,우유거품기
2025-10-29,68.98734,우유거품기
2025-10-30,65.40084,우유거품기
2025-10-31,52.74261,우유거품기
2025-11-01,50.21097,우유거품기
2025-11-02,74.05063,우유거품기
2025-11-03,67.0886,우유거품기
2025-11-04,58.01687,우유거품기
2025-11-05,61.60337,우유거품기
2025-11-06,54.85232,우유거품기
2025-11-07,52.1097,우유거품기
2025-11-08,60.33755,우유거품기
2025-11-09,64.55696,우유거품기
2025-11-10,67.93248,우유거품기
2025-11-11,71.30801,우유거품기
2025-11-12,65.82278,우유거품기
2025-11-13,65.18987,우유거품기
2025-11-14,59.91561,우유거품기
2025-11-15,56.75105,우유거품기
2025-11-16,68.77637,우유거품기
2025-11-17,61.81434,우유거품기
2025-11-18,80.16877,우유거품기
2025-11-19,72.78481,우유거품기
2025-11-20,67.29957,우유거품기
2025-11-21,55.6962,우유거품기
2025-11-22,61.18143,우유거품기
2025-11-23,70.25316,우유거품기
2025-11-24,88.18565,우유거품기
2025-11-25,70.04219,우유거품기
2025-11-26,69.19831,우유거품기
2025-11-27,63.29113,우유거품기
2025-11-28,59.70464,우유거품기
2025-11-29,63.71308,우유거품기
2025-11-30,66.24472,우유거품기
2025-12-01,66.03375,우유거품기
2025-12-02,68.35443,우유거품기
2025-12-03,71.94092,우유거품기
2025-12-04,69.40928,우유거품기
2025-12-05,59.70464,우유거품기
2025-12-06,59.70464,우유거품기
2025-12-07,74.05063,우유거품기
2025-12-08,70.6751,우유거품기
2025-12-09,72.57383,우유거품기
2025-12-10,85.02109,우유거품기
2025-12-11,93.03797,우유거품기
2025-12-12,83.75527,우유거품기
2025-12-13,80.59071,우유거품기
2025-12-14,93.03797,우유거품기
2025-12-15,97.04641,우유거품기
2025-12-16,88.18565,우유거품기
2025-12-17,73.41772,우유거품기
2025-12-18,70.25316,우유거품기
2025-12-19,51.47679,우유거품기
2025-12-20,62.23628,우유거품기
2025-12-21,70.46413,우유거품기
2025-12-22,62.44725,우유거품기
2025-12-23,58.01687,우유거품기
2025-12-24,49.15611,우유거품기
2025-12-25,69.40928,우유거품기
2025-12-26,55.06329,우유거품기
2025-12-27,76.16033,우유거품기
2025-12-28,83.96624,우유거품기
2025-12-29,66.24472,우유거품기
2025-12-30,58.64978,우유거품기
2025-12-31,48.73417,우유거품기
2026-01-01,69.62025,우유거품기
2026-01-02,68.5654,우유거품기
2026-01-03,69.83122,우유거품기
2026-01-04,71.94092,우유거품기
2026-01-05,62.65822,우유거품기
2026-01-06,63.08016,우유거품기
2026-01-07,61.3924,우유거품기
2026-01-08,66.66666,우유거품기
2026-01-09,60.75949,우유거품기
2026-01-10,71.72995,우유거품기
2026-01-11,84.17721,우유거품기
2026-01-12,84.38818,우유거품기
2026-01-13,64.76793,우유거품기
2026-01-14,70.88607,우유거품기
2026-01-15,71.09704,우유거품기
2026-01-16,59.07172,우유거품기
2026-01-17,64.9789,우유거품기
2026-01-18,70.88607,우유거품기
2026-01-19,59.49367,우유거품기
2026-01-20,64.76793,우유거품기
2026-01-21,60.54852,우유거품기
2026-01-22,70.46413,우유거품기
2026-01-23,63.08016,우유거품기
2026-01-24,57.17299,우유거품기
2026-01-25,74.68354,우유거품기
2026-01-26,69.62025,우유거품기
2026-01-27,67.29957,우유거품기
2026-01-28,68.35443,우유거품기
2026-01-29,64.55696,우유거품기
2026-01-30,68.5654,우유거품기
2026-01-31,69.62025,우유거품기
2026-02-01,71.09704,우유거품기
2026-02-02,61.60337,우유거품기
2026-02-03,68.77637,우유거품기
2026-02-04,61.18143,우유거품기
2026-02-05,52.32067,우유거품기
2026-02-06,56.32911,우유거품기
2026-02-07,56.11814,우유거품기
2026-02-08,82.06751,우유거품기
2026-02-09,58.64978,우유거품기
2026-02-10,56.75105,우유거품기
2026-02-11,59.49367,우유거품기
2026-02-12,45.78059,우유거품기
2026-02-13,39.45147,우유거품기
2026-02-14,44.51476,우유거품기
2026-02-15,46.62447,우유거품기
2026-02-16,47.25738,우유거품기
2026-02-17,51.47679,우유거품기
2026-02-18,61.18143,우유거품기
2026-02-19,56.11814,우유거품기
2026-02-20,54.43037,우유거품기
2026-02-21,58.22784,우유거품기
2026-02-22,61.3924,우유거품기
2026-02-23,50.42194,우유거품기
2026-02-24,54.2194,우유거품기
2026-02-25,54.85232,우유거품기
2026-02-26,47.25738,우유거품기
2026-02-27,45.99156,우유거품기
2026-02-28,43.88185,우유거품기
2026-03-01,54.43037,우유거품기
2026-03-02,72.99578,우유거품기
2026-03-03,49.57805,우유거품기
2026-03-04,46.4135,우유거품기
2026-03-05,51.05485,우유거품기
2026-03-06,50.42194,우유거품기
2026-03-07,52.95358,우유거품기
2026-03-08,65.61181,우유거품기
2026-03-09,52.53164,우유거품기
2026-03-10,55.90717,우유거품기
2026-03-11,54.00843,우유거품기
2026-03-12,47.67932,우유거품기
2026-03-13,51.47679,우유거품기
2026-03-14,46.4135,우유거품기
2026-03-15,67.0886,우유거품기
2026-03-16,59.70464,우유거품기
2026-03-17,58.43881,우유거품기
2025-03-18,3.79746,밀크포머
2025-03-19,3.16455,밀크포머
2025-03-20,1.89873,밀크포머
2025-03-21,3.16455,밀크포머
2025-03-22,2.53164,밀크포머
2025-03-23,3.16455,밀크포머
2025-03-24,5.48523,밀크포머
2025-03-25,3.58649,밀크포머
2025-03-26,3.37552,밀크포머
2025-03-27,1.89873,밀크포머
2025-03-28,2.74261,밀크포머
2025-03-29,5.06329,밀크포머
2025-03-30,4.64135,밀크포머
2025-03-31,2.53164,밀크포머
2025-04-01,3.58649,밀크포머
2025-04-02,2.53164,밀크포머
2025-04-03,1.89873,밀크포머
2025-04-04,2.32067,밀크포머
2025-04-05,2.95358,밀크포머
2025-04-06,2.32067,밀크포머
2025-04-07,3.16455,밀크포머
2025-04-08,2.32067,밀크포머
2025-04-09,3.37552,밀크포머
2025-04-10,2.95358,밀크포머
2025-04-11,1.26582,밀크포머
2025-04-12,2.1097,밀크포머
2025-04-13,4.43037,밀크포머
2025-04-14,2.74261,밀크포머
2025-04-15,1.68776,밀크포머
2025-04-16,1.89873,밀크포머
2025-04-17,1.68776,밀크포머
2025-04-18,3.37552,밀크포머
2025-04-19,2.74261,밀크포머
2025-04-20,2.53164,밀크포머
2025-04-21,2.32067,밀크포머
2025-04-22,1.47679,밀크포머
2025-04-23,1.26582,밀크포머
2025-04-24,1.05485,밀크포머
2025-04-25,1.68776,밀크포머
2025-04-26,1.47679,밀크포머
2025-04-27,13.08016,밀크포머
2025-04-28,4.2194,밀크포머
2025-04-29,3.79746,밀크포머
2025-04-30,4.00843,밀크포머
2025-05-01,2.32067,밀크포머
2025-05-02,1.89873,밀크포머
2025-05-03,1.05485,밀크포머
2025-05-04,1.68776,밀크포머
2025-05-05,1.68776,밀크포머
2025-05-06,1.68776,밀크포머
2025-05-07,1.47679,밀크포머
2025-05-08,1.89873,밀크포머
2025-05-09,1.47679,밀크포머
2025-05-10,1.05485,밀크포머
2025-05-11,1.89873,밀크포머
2025-05-12,4.2194,밀크포머
2025-05-13,2.32067,밀크포머
2025-05-14,3.16455,밀크포머
2025-05-15,1.26582,밀크포머
2025-05-16,2.95358,밀크포머
2025-05-17,2.1097,밀크포머
2025-05-18,1.89873,밀크포머
2025-05-20,1.89873,밀크포머
2025-05-21,2.1097,밀크포머
2025-05-22,1.26582,밀크포머
2025-05-23,1.47679,밀크포머
2025-05-24,1.05485,밀크포머
2025-05-25,1.89873,밀크포머
2025-05-26,1.68776,밀크포머
2025-05-27,1.05485,밀크포머
2025-05-31,2.32067,밀크포머
2025-06-01,1.47679,밀크포머
2025-06-02,1.26582,밀크포머
2025-06-03,1.26582,밀크포머
2025-06-04,1.47679,밀크포머
2025-06-05,1.26582,밀크포머
2025-06-08,1.89873,밀크포머
2025-06-10,2.53164,밀크포머
2025-06-12,1.47679,밀크포머
2025-06-14,1.47679,밀크포머
2025-06-15,1.68776,밀크포머
2025-06-16,2.32067,밀크포머
2025-06-17,1.68776,밀크포머
2025-06-18,1.89873,밀크포머
2025-06-19,1.26582,밀크포머
2025-06-20,1.26582,밀크포머
2025-06-21,1.68776,밀크포머
2025-06-22,2.32067,밀크포머
2025-06-23,1.47679,밀크포머
2025-06-24,1.26582,밀크포머
2025-06-25,1.89873,밀크포머
2025-06-26,3.79746,밀크포머
2025-06-27,2.32067,밀크포머
2025-06-28,1.47679,밀크포머
2025-06-29,2.53164,밀크포머
2025-06-30,1.68776,밀크포머
2025-07-01,4.2194,밀크포머
2025-07-02,2.1097,밀크포머
2025-07-03,1.68776,밀크포머
2025-07-04,2.53164,밀크포머
2025-07-05,2.74261,밀크포머
2025-07-06,1.89873,밀크포머
2025-07-07,1.68776,밀크포머
2025-07-08,1.68776,밀크포머
2025-07-09,2.1097,밀크포머
2025-07-10,3.37552,밀크포머
2025-07-11,2.32067,밀크포머
2025-07-12,1.47679,밀크포머
2025-07-13,1.26582,밀크포머
2025-07-14,1.26582,밀크포머
2025-07-15,2.95358,밀크포머
2025-07-16,3.16455,밀크포머
2025-07-18,1.47679,밀크포머
2025-07-20,1.26582,밀크포머
2025-07-21,1.89873,밀크포머
2025-07-22,1.26582,밀크포머
2025-07-23,2.1097,밀크포머
2025-07-24,1.68776,밀크포머
2025-07-26,1.89873,밀크포머
2025-07-27,1.05485,밀크포머
2025-07-28,1.47679,밀크포머
2025-07-29,2.32067,밀크포머
2025-07-30,1.89873,밀크포머
2025-07-31,2.32067,밀크포머
2025-08-01,1.26582,밀크포머
2025-08-02,1.05485,밀크포머
2025-08-03,1.47679,밀크포머
2025-08-05,3.37552,밀크포머
2025-08-06,3.37552,밀크포머
2025-08-07,1.47679,밀크포머
2025-08-08,1.47679,밀크포머
2025-08-09,1.26582,밀크포머
2025-08-10,1.26582,밀크포머
2025-08-12,1.68776,밀크포머
2025-08-13,2.1097,밀크포머
2025-08-14,2.53164,밀크포머
2025-08-15,3.37552,밀크포머
2025-08-16,2.53164,밀크포머
2025-08-17,2.1097,밀크포머
2025-08-18,2.53164,밀크포머
2025-08-19,2.53164,밀크포머
2025-08-20,2.32067,밀크포머
2025-08-21,3.16455,밀크포머
2025-08-22,2.1097,밀크포머
2025-08-23,2.1097,밀크포머
2025-08-24,2.32067,밀크포머
2025-08-26,1.26582,밀크포머
2025-08-27,3.58649,밀크포머
2025-08-29,2.1097,밀크포머
2025-08-31,1.89873,밀크포머
2025-09-01,2.32067,밀크포머
2025-09-02,4.00843,밀크포머
2025-09-03,1.47679,밀크포머
2025-09-04,4.43037,밀크포머
2025-09-05,3.58649,밀크포머
2025-09-06,1.26582,밀크포머
2025-09-07,2.74261,밀크포머
2025-09-08,3.16455,밀크포머
2025-09-09,3.37552,밀크포머
2025-09-10,5.06329,밀크포머
2025-09-11,1.68776,밀크포머
2025-09-12,1.26582,밀크포머
2025-09-13,1.47679,밀크포머
2025-09-14,1.47679,밀크포머
2025-09-15,2.1097,밀크포머
2025-09-16,1.89873,밀크포머
2025-09-17,3.37552,밀크포머
2025-09-18,1.05485,밀크포머
2025-09-19,2.95358,밀크포머
2025-09-20,3.58649,밀크포머
2025-09-21,3.58649,밀크포머
2025-09-22,2.74261,밀크포머
2025-09-23,1.68776,밀크포머
2025-09-24,1.47679,밀크포머
2025-09-25,4.2194,밀크포머
2025-09-26,3.58649,밀크포머
2025-09-27,2.74261,밀크포머
2025-09-28,2.32067,밀크포머
2025-09-29,4.43037,밀크포머
2025-09-30,3.37552,밀크포머
2025-10-02,3.79746,밀크포머
2025-10-03,1.68776,밀크포머
2025-10-04,1.89873,밀크포머
2025-10-05,1.26582,밀크포머
2025-10-06,1.05485,밀크포머
2025-10-07,2.32067,밀크포머
2025-10-08,1.89873,밀크포머
2025-10-09,3.37552,밀크포머
2025-10-10,1.89873,밀크포머
2025-10-11,4.43037,밀크포머
2025-10-12,2.74261,밀크포머
2025-10-13,3.58649,밀크포머
2025-10-14,4.85232,밀크포머
2025-10-15,2.95358,밀크포머
2025-10-16,2.32067,밀크포머
2025-10-17,2.95358,밀크포머
2025-10-18,4.43037,밀크포머
2025-10-19,3.79746,밀크포머
2025-10-20,5.90717,밀크포머
2025-10-21,6.96202,밀크포머
2025-10-22,5.90717,밀크포머
2025-10-23,1.89873,밀크포머
2025-10-24,1.26582,밀크포머
2025-10-25,3.79746,밀크포머
2025-10-26,5.27426,밀크포머
2025-10-27,7.38396,밀크포머
2025-10-28,2.74261,밀크포머
2025-10-29,5.6962,밀크포머
2025-10-30,5.90717,밀크포머
2025-10-31,2.1097,밀크포머
2025-11-01,2.1097,밀크포머
2025-11-02,3.16455,밀크포머
2025-11-03,5.06329,밀크포머
2025-11-04,8.01687,밀크포머
2025-11-05,4.64135,밀크포머
2025-11-06,4.85232,밀크포머
2025-11-07,2.1097,밀크포머
2025-11-08,3.79746,밀크포머
2025-11-09,5.90717,밀크포머
2025-11-10,4.2194,밀크포머
2025-11-11,2.32067,밀크포머
2025-11-12,2.53164,밀크포머
2025-11-13,1.89873,밀크포머
2025-11-14,4.2194,밀크포머
2025-11-15,4.43037,밀크포머
2025-11-16,5.06329,밀크포머
2025-11-17,4.2194,밀크포머
2025-11-18,6.75105,밀크포머
2025-11-19,5.6962,밀크포머
2025-11-20,7.8059,밀크포머
2025-11-21,3.16455,밀크포머
2025-11-22,3.79746,밀크포머
2025-11-23,2.32067,밀크포머
2025-11-24,4.64135,밀크포머
2025-11-25,8.01687,밀크포머
2025-11-26,10.54852,밀크포머
2025-11-27,7.59493,밀크포머
2025-11-28,4.43037,밀크포머
2025-11-29,5.90717,밀크포머
2025-11-30,4.43037,밀크포머
2025-12-01,3.16455,밀크포머
2025-12-02,3.37552,밀크포머
2025-12-03,5.27426,밀크포머
2025-12-04,6.54008,밀크포머
2025-12-05,7.38396,밀크포머
2025-12-06,4.64135,밀크포머
2025-12-07,5.90717,밀크포머
2025-12-08,5.06329,밀크포머
2025-12-09,4.85232,밀크포머
2025-12-10,4.85232,밀크포머
2025-12-11,7.17299,밀크포머
2025-12-12,3.58649,밀크포머
2025-12-13,6.11814,밀크포머
2025-12-14,3.58649,밀크포머
2025-12-15,6.54008,밀크포머
2025-12-16,9.2827,밀크포머
2025-12-17,5.90717,밀크포머
2025-12-18,2.74261,밀크포머
2025-12-19,2.95358,밀크포머
2025-12-20,4.43037,밀크포머
2025-12-21,3.79746,밀크포머
2025-12-22,3.37552,밀크포머
2025-12-23,4.00843,밀크포머
2025-12-24,2.1097,밀크포머
2025-12-25,3.16455,밀크포머
2025-12-26,1.68776,밀크포머
2025-12-27,5.6962,밀크포머
2025-12-28,3.58649,밀크포머
2025-12-29,3.37552,밀크포머
2025-12-30,4.64135,밀크포머
2025-12-31,6.75105,밀크포머
2026-01-01,4.64135,밀크포머
2026-01-02,1.68776,밀크포머
2026-01-03,4.00843,밀크포머
2026-01-04,3.16455,밀크포머
2026-01-05,4.64135,밀크포머
2026-01-06,4.64135,밀크포머
2026-01-07,3.58649,밀크포머
2026-01-08,3.37552,밀크포머
2026-01-09,6.11814,밀크포머
2026-01-10,5.90717,밀크포머
2026-01-11,5.6962,밀크포머
2026-01-12,5.90717,밀크포머
2026-01-13,4.00843,밀크포머
2026-01-14,6.32911,밀크포머
2026-01-15,9.91561,밀크포머
2026-01-16,3.37552,밀크포머
2026-01-17,1.89873,밀크포머
2026-01-18,3.37552,밀크포머
2026-01-19,5.06329,밀크포머
2026-01-20,5.27426,밀크포머
2026-01-21,2.53164,밀크포머
2026-01-22,2.1097,밀크포머
2026-01-23,2.32067,밀크포머
2026-01-24,3.16455,밀크포머
2026-01-25,4.85232,밀크포머
2026-01-26,1.89873,밀크포머
2026-01-27,4.43037,밀크포머
2026-01-28,3.58649,밀크포머
2026-01-29,4.64135,밀크포머
2026-01-30,3.16455,밀크포머
2026-01-31,5.27426,밀크포머
2026-02-01,2.74261,밀크포머
2026-02-02,2.32067,밀크포머
2026-02-03,3.16455,밀크포머
2026-02-04,2.1097,밀크포머
2026-02-05,3.16455,밀크포머
2026-02-06,2.74261,밀크포머
2026-02-07,3.58649,밀크포머
2026-02-08,3.37552,밀크포머
2026-02-09,3.16455,밀크포머
2026-02-10,1.68776,밀크포머
2026-02-11,4.2194,밀크포머
2026-02-12,2.74261,밀크포머
2026-02-13,1.26582,밀크포머
2026-02-14,2.1097,밀크포머
2026-02-15,2.1097,밀크포머
2026-02-16,2.1097,밀크포머
2026-02-17,2.95358,밀크포머
2026-02-18,3.58649,밀크포머
2026-02-19,4.2194,밀크포머
2026-02-20,2.95358,밀크포머
2026-02-21,3.58649,밀크포머
2026-02-22,2.1097,밀크포머
2026-02-23,5.48523,밀크포머
2026-02-24,4.85232,밀크포머
2026-02-25,3.58649,밀크포머
2026-02-26,2.95358,밀크포머
2026-02-27,2.1097,밀크포머
2026-02-28,1.26582,밀크포머
2026-03-01,2.74261,밀크포머
2026-03-02,1.68776,밀크포머
2026-03-03,2.53164,밀크포머
2026-03-04,2.53164,밀크포머
2026-03-05,1.47679,밀크포머
2026-03-06,2.53164,밀크포머
2026-03-07,3.16455,밀크포머
2026-03-08,3.16455,밀크포머
2026-03-09,3.58649,밀크포머
2026-03-10,2.95358,밀크포머
2026-03-11,3.79746,밀크포머
2026-03-12,2.32067,밀크포머
2026-03-13,2.32067,밀크포머
2026-03-14,4.00843,밀크포머
2026-03-15,3.16455,밀크포머
2026-03-16,2.95358,밀크포머
2026-03-17,2.1097,밀크포머
2025-03-18,13.5021,밀크프로더
2025-03-19,10.97046,밀크프로더
2025-03-20,11.3924,밀크프로더
2025-03-21,7.8059,밀크프로더
2025-03-22,4.00843,밀크프로더
2025-03-23,6.96202,밀크프로더
2025-03-24,6.11814,밀크프로더
2025-03-25,6.32911,밀크프로더
2025-03-26,6.54008,밀크프로더
2025-03-27,7.17299,밀크프로더
2025-03-28,8.43881,밀크프로더
2025-03-29,7.59493,밀크프로더
2025-03-30,5.48523,밀크프로더
2025-03-31,6.75105,밀크프로더
2025-04-01,7.38396,밀크프로더
2025-04-02,7.17299,밀크프로더
2025-04-03,4.64135,밀크프로더
2025-04-04,5.27426,밀크프로더
2025-04-05,8.86075,밀크프로더
2025-04-06,6.32911,밀크프로더
2025-04-07,6.96202,밀크프로더
2025-04-08,5.06329,밀크프로더
2025-04-09,6.54008,밀크프로더
2025-04-10,5.48523,밀크프로더
2025-04-11,3.16455,밀크프로더
2025-04-12,8.86075,밀크프로더
2025-04-13,8.22784,밀크프로더
2025-04-14,5.48523,밀크프로더
2025-04-15,7.8059,밀크프로더
2025-04-16,3.79746,밀크프로더
2025-04-17,8.86075,밀크프로더
2025-04-18,6.11814,밀크프로더
2025-04-19,4.43037,밀크프로더
2025-04-20,2.74261,밀크프로더
2025-04-21,2.32067,밀크프로더
2025-04-22,7.17299,밀크프로더
2025-04-23,5.6962,밀크프로더
2025-04-24,4.00843,밀크프로더
2025-04-25,2.95358,밀크프로더
2025-04-26,3.16455,밀크프로더
2025-04-27,4.85232,밀크프로더
2025-04-28,5.06329,밀크프로더
2025-04-29,2.32067,밀크프로더
2025-04-30,6.32911,밀크프로더
2025-05-01,5.27426,밀크프로더
2025-05-02,5.90717,밀크프로더
2025-05-03,3.16455,밀크프로더
2025-05-04,4.00843,밀크프로더
2025-05-05,4.2194,밀크프로더
2025-05-06,4.2194,밀크프로더
2025-05-07,4.2194,밀크프로더
2025-05-08,4.00843,밀크프로더
2025-05-09,4.85232,밀크프로더
2025-05-10,3.58649,밀크프로더
2025-05-11,2.74261,밀크프로더
2025-05-12,7.17299,밀크프로더
2025-05-13,5.27426,밀크프로더
2025-05-14,5.06329,밀크프로더
2025-05-15,4.43037,밀크프로더
2025-05-16,6.11814,밀크프로더
2025-05-17,5.06329,밀크프로더
2025-05-18,4.85232,밀크프로더
2025-05-19,4.00843,밀크프로더
2025-05-20,2.53164,밀크프로더
2025-05-21,7.59493,밀크프로더
2025-05-22,2.74261,밀크프로더
2025-05-23,3.37552,밀크프로더
2025-05-24,2.95358,밀크프로더
2025-05-25,2.95358,밀크프로더
2025-05-26,3.16455,밀크프로더
2025-05-27,3.79746,밀크프로더
2025-05-28,5.27426,밀크프로더
2025-05-29,2.95358,밀크프로더
2025-05-30,3.16455,밀크프로더
2025-05-31,2.32067,밀크프로더
2025-06-01,4.85232,밀크프로더
2025-06-02,3.16455,밀크프로더
2025-06-03,2.1097,밀크프로더
2025-06-04,3.58649,밀크프로더
2025-06-05,1.89873,밀크프로더
2025-06-06,3.79746,밀크프로더
2025-06-07,3.16455,밀크프로더
2025-06-08,3.79746,밀크프로더
2025-06-09,4.2194,밀크프로더
2025-06-10,4.85232,밀크프로더
2025-06-11,7.8059,밀크프로더
2025-06-12,5.48523,밀크프로더
2025-06-13,1.47679,밀크프로더
2025-06-14,3.58649,밀크프로더
2025-06-15,3.37552,밀크프로더
2025-06-16,4.64135,밀크프로더
2025-06-17,2.32067,밀크프로더
2025-06-18,3.37552,밀크프로더
2025-06-19,2.32067,밀크프로더
2025-06-20,3.79746,밀크프로더
2025-06-21,3.16455,밀크프로더
2025-06-22,3.58649,밀크프로더
2025-06-23,3.58649,밀크프로더
2025-06-24,4.00843,밀크프로더
2025-06-25,4.64135,밀크프로더
2025-06-26,3.79746,밀크프로더
2025-06-27,5.06329,밀크프로더
2025-06-28,2.74261,밀크프로더
2025-06-29,4.43037,밀크프로더
2025-06-30,2.74261,밀크프로더
2025-07-01,2.1097,밀크프로더
2025-07-02,4.64135,밀크프로더
2025-07-03,2.32067,밀크프로더
2025-07-04,2.95358,밀크프로더
2025-07-05,3.79746,밀크프로더
2025-07-06,4.00843,밀크프로더
2025-07-07,1.89873,밀크프로더
2025-07-08,5.48523,밀크프로더
2025-07-09,4.43037,밀크프로더
2025-07-10,5.06329,밀크프로더
2025-07-11,5.48523,밀크프로더
2025-07-12,3.16455,밀크프로더
2025-07-13,2.53164,밀크프로더
2025-07-14,3.79746,밀크프로더
2025-07-15,5.27426,밀크프로더
2025-07-16,2.74261,밀크프로더
2025-07-17,3.16455,밀크프로더
2025-07-18,3.16455,밀크프로더
2025-07-19,3.79746,밀크프로더
2025-07-20,4.00843,밀크프로더
2025-07-21,5.48523,밀크프로더
2025-07-22,5.27426,밀크프로더
2025-07-23,3.58649,밀크프로더
2025-07-24,4.85232,밀크프로더
2025-07-25,4.2194,밀크프로더
2025-07-26,3.58649,밀크프로더
2025-07-27,3.16455,밀크프로더
2025-07-28,4.85232,밀크프로더
2025-07-29,2.53164,밀크프로더
2025-07-30,8.64978,밀크프로더
2025-07-31,11.3924,밀크프로더
2025-08-01,6.96202,밀크프로더
2025-08-02,8.86075,밀크프로더
2025-08-03,8.64978,밀크프로더
2025-08-04,8.64978,밀크프로더
2025-08-05,10.75949,밀크프로더
2025-08-06,5.27426,밀크프로더
2025-08-07,6.75105,밀크프로더
2025-08-08,6.11814,밀크프로더
2025-08-09,6.11814,밀크프로더
2025-08-10,6.32911,밀크프로더
2025-08-11,5.48523,밀크프로더
2025-08-12,6.96202,밀크프로더
2025-08-13,8.22784,밀크프로더
2025-08-14,8.01687,밀크프로더
2025-08-15,4.85232,밀크프로더
2025-08-16,8.43881,밀크프로더
2025-08-17,7.8059,밀크프로더
2025-08-18,6.54008,밀크프로더
2025-08-19,5.90717,밀크프로더
2025-08-20,8.22784,밀크프로더
2025-08-21,5.6962,밀크프로더
2025-08-22,6.32911,밀크프로더
2025-08-23,8.22784,밀크프로더
2025-08-24,6.96202,밀크프로더
2025-08-25,6.32911,밀크프로더
2025-08-26,10.75949,밀크프로더
2025-08-27,10.12658,밀크프로더
2025-08-28,8.01687,밀크프로더
2025-08-29,9.07172,밀크프로더
2025-08-30,9.07172,밀크프로더
2025-08-31,6.75105,밀크프로더
2025-09-01,6.75105,밀크프로더
2025-09-02,7.17299,밀크프로더
2025-09-03,10.12658,밀크프로더
2025-09-04,8.43881,밀크프로더
2025-09-05,4.64135,밀크프로더
2025-09-06,8.22784,밀크프로더
2025-09-07,8.01687,밀크프로더
2025-09-08,6.75105,밀크프로더
2025-09-09,11.81434,밀크프로더
2025-09-10,8.43881,밀크프로더
2025-09-11,8.01687,밀크프로더
2025-09-12,8.22784,밀크프로더
2025-09-13,8.86075,밀크프로더
2025-09-14,6.11814,밀크프로더
2025-09-15,10.54852,밀크프로더
2025-09-16,7.8059,밀크프로더
2025-09-17,9.49367,밀크프로더
2025-09-18,6.32911,밀크프로더
2025-09-19,10.12658,밀크프로더
2025-09-20,6.32911,밀크프로더
2025-09-21,9.07172,밀크프로더
2025-09-22,8.43881,밀크프로더
2025-09-23,9.07172,밀크프로더
2025-09-24,11.81434,밀크프로더
2025-09-25,14.76793,밀크프로더
2025-09-26,10.12658,밀크프로더
2025-09-27,6.54008,밀크프로더
2025-09-28,10.75949,밀크프로더
2025-09-29,8.22784,밀크프로더
2025-09-30,9.07172,밀크프로더
2025-10-01,10.33755,밀크프로더
2025-10-02,10.12658,밀크프로더
2025-10-03,5.6962,밀크프로더
2025-10-04,7.59493,밀크프로더
2025-10-05,7.8059,밀크프로더
2025-10-06,6.96202,밀크프로더
2025-10-07,8.43881,밀크프로더
2025-10-08,8.43881,밀크프로더
2025-10-09,13.5021,밀크프로더
2025-10-10,12.86919,밀크프로더
2025-10-11,28.05907,밀크프로더
2025-10-12,35.654,밀크프로더
2025-10-13,26.3713,밀크프로더
2025-10-14,18.35443,밀크프로더
2025-10-15,18.14345,밀크프로더
2025-10-16,14.9789,밀크프로더
2025-10-17,13.5021,밀크프로더
2025-10-18,14.13502,밀크프로더
2025-10-19,12.65822,밀크프로더
2025-10-20,19.83122,밀크프로더
2025-10-21,17.72151,밀크프로더
2025-10-22,16.66666,밀크프로더
2025-10-23,12.86919,밀크프로더
2025-10-24,12.23628,밀크프로더
2025-10-25,13.5021,밀크프로더
2025-10-26,21.30801,밀크프로더
2025-10-27,17.0886,밀크프로더
2025-10-28,16.87763,밀크프로더
2025-10-29,17.72151,밀크프로더
2025-10-30,15.61181,밀크프로더
2025-10-31,14.13502,밀크프로더
2025-11-01,12.02531,밀크프로더
2025-11-02,20.46413,밀크프로더
2025-11-03,20.25316,밀크프로더
2025-11-04,14.9789,밀크프로더
2025-11-05,23.62869,밀크프로더
2025-11-06,16.45569,밀크프로더
2025-11-07,14.76793,밀크프로더
2025-11-08,12.65822,밀크프로더
2025-11-09,17.51054,밀크프로더
2025-11-10,18.35443,밀크프로더
2025-11-11,16.03375,밀크프로더
2025-11-12,17.51054,밀크프로더
2025-11-13,10.97046,밀크프로더
2025-11-14,14.34599,밀크프로더
2025-11-15,11.3924,밀크프로더
2025-11-16,17.72151,밀크프로더
2025-11-17,24.2616,밀크프로더
2025-11-18,30.16877,밀크프로더
2025-11-19,16.66666,밀크프로더
2025-11-20,17.93248,밀크프로더
2025-11-21,12.65822,밀크프로더
2025-11-22,17.0886,밀크프로더
2025-11-23,13.92405,밀크프로더
2025-11-24,13.29113,밀크프로더
2025-11-25,14.55696,밀크프로더
2025-11-26,19.62025,밀크프로더
2025-11-27,15.82278,밀크프로더
2025-11-28,16.87763,밀크프로더
2025-11-29,15.18987,밀크프로더
2025-11-30,14.9789,밀크프로더
2025-12-01,14.13502,밀크프로더
2025-12-02,14.76793,밀크프로더
2025-12-03,11.18143,밀크프로더
2025-12-04,21.09704,밀크프로더
2025-12-05,9.2827,밀크프로더
2025-12-06,13.5021,밀크프로더
2025-12-07,16.45569,밀크프로더
2025-12-08,22.99578,밀크프로더
2025-12-09,18.5654,밀크프로더
2025-12-10,25.10548,밀크프로더
2025-12-11,26.3713,밀크프로더
2025-12-12,24.2616,밀크프로더
2025-12-13,22.99578,밀크프로더
2025-12-14,37.34177,밀크프로더
2025-12-15,36.70886,밀크프로더
2025-12-16,24.68354,밀크프로더
2025-12-17,21.09704,밀크프로더
2025-12-18,16.66666,밀크프로더
2025-12-19,16.45569,밀크프로더
2025-12-20,17.0886,밀크프로더
2025-12-21,18.5654,밀크프로더
2025-12-22,14.13502,밀크프로더
2025-12-23,17.72151,밀크프로더
2025-12-24,9.2827,밀크프로더
2025-12-25,12.23628,밀크프로더
2025-12-26,18.14345,밀크프로더
2025-12-27,15.61181,밀크프로더
2025-12-28,16.24472,밀크프로더
2025-12-29,12.86919,밀크프로더
2025-12-30,11.18143,밀크프로더
2025-12-31,10.75949,밀크프로더
2026-01-01,11.3924,밀크프로더
2026-01-02,13.71308,밀크프로더
2026-01-03,10.12658,밀크프로더
2026-01-04,17.72151,밀크프로더
2026-01-05,8.86075,밀크프로더
2026-01-06,12.44725,밀크프로더
2026-01-07,15.82278,밀크프로더
2026-01-08,13.5021,밀크프로더
2026-01-09,20.46413,밀크프로더
2026-01-10,11.3924,밀크프로더
2026-01-11,11.81434,밀크프로더
2026-01-12,13.71308,밀크프로더
2026-01-13,14.55696,밀크프로더
2026-01-14,14.55696,밀크프로더
2026-01-15,11.3924,밀크프로더
2026-01-16,9.91561,밀크프로더
2026-01-17,9.70464,밀크프로더
2026-01-18,14.55696,밀크프로더
2026-01-19,16.45569,밀크프로더
2026-01-20,15.61181,밀크프로더
2026-01-21,14.34599,밀크프로더
2026-01-22,17.0886,밀크프로더
2026-01-23,12.65822,밀크프로더
2026-01-24,9.2827,밀크프로더
2026-01-25,12.44725,밀크프로더
2026-01-26,12.44725,밀크프로더
2026-01-27,13.29113,밀크프로더
2026-01-28,10.12658,밀크프로더
2026-01-29,9.07172,밀크프로더
2026-01-30,9.49367,밀크프로더
2026-01-31,11.60337,밀크프로더
2026-02-01,7.17299,밀크프로더
2026-02-02,15.18987,밀크프로더
2026-02-03,11.81434,밀크프로더
2026-02-04,11.18143,밀크프로더
2026-02-05,9.07172,밀크프로더
2026-02-06,7.59493,밀크프로더
2026-02-07,8.01687,밀크프로더
2026-02-08,9.2827,밀크프로더
2026-02-09,6.54008,밀크프로더
2026-02-10,8.01687,밀크프로더
2026-02-11,6.96202,밀크프로더
2026-02-12,7.38396,밀크프로더
2026-02-13,5.90717,밀크프로더
2026-02-14,5.90717,밀크프로더
2026-02-15,4.2194,밀크프로더
2026-02-16,8.64978,밀크프로더
2026-02-17,5.90717,밀크프로더
2026-02-18,7.17299,밀크프로더
2026-02-19,11.3924,밀크프로더
2026-02-20,10.97046,밀크프로더
2026-02-21,6.75105,밀크프로더
2026-02-22,7.38396,밀크프로더
2026-02-23,12.65822,밀크프로더
2026-02-24,6.75105,밀크프로더
2026-02-25,7.8059,밀크프로더
2026-02-26,6.32911,밀크프로더
2026-02-27,6.96202,밀크프로더
2026-02-28,6.54008,밀크프로더
2026-03-01,8.86075,밀크프로더
2026-03-02,10.33755,밀크프로더
2026-03-03,9.2827,밀크프로더
2026-03-04,5.48523,밀크프로더
2026-03-05,8.43881,밀크프로더
2026-03-06,10.12658,밀크프로더
2026-03-07,8.01687,밀크프로더
2026-03-08,10.97046,밀크프로더
2026-03-09,6.11814,밀크프로더
2026-03-10,7.8059,밀크프로더
2026-03-11,7.59493,밀크프로더
2026-03-12,7.8059,밀크프로더
2026-03-13,3.16455,밀크프로더
2026-03-14,5.27426,밀크프로더
2026-03-15,4.43037,밀크프로더
2026-03-16,6.11814,밀크프로더
2026-03-17,8.01687,밀크프로더
2025-03-18,29.9578,에어로치노
2025-03-19,24.68354,에어로치노
2025-03-20,27.42616,에어로치노
2025-03-21,21.94092,에어로치노
2025-03-22,23.20675,에어로치노
2025-03-23,22.78481,에어로치노
2025-03-24,24.68354,에어로치노
2025-03-25,24.89451,에어로치노
2025-03-26,21.94092,에어로치노
2025-03-27,22.36286,에어로치노
2025-03-28,18.14345,에어로치노
2025-03-29,23.83966,에어로치노
2025-03-30,26.3713,에어로치노
2025-03-31,22.15189,에어로치노
2025-04-01,20.88607,에어로치노
2025-04-02,21.30801,에어로치노
2025-04-03,18.98734,에어로치노
2025-04-04,15.82278,에어로치노
2025-04-05,26.3713,에어로치노
2025-04-06,28.27004,에어로치노
2025-04-07,24.05063,에어로치노
2025-04-08,29.53586,에어로치노
2025-04-09,27.63713,에어로치노
2025-04-10,24.2616,에어로치노
2025-04-11,20.88607,에어로치노
2025-04-12,19.62025,에어로치노
2025-04-13,25.31645,에어로치노
2025-04-14,25.73839,에어로치노
2025-04-15,21.09704,에어로치노
2025-04-16,25.94936,에어로치노
2025-04-17,22.99578,에어로치노
2025-04-18,13.71308,에어로치노
2025-04-19,17.72151,에어로치노
2025-04-20,20.25316,에어로치노
2025-04-21,23.41772,에어로치노
2025-04-22,21.51898,에어로치노
2025-04-23,18.98734,에어로치노
2025-04-24,18.98734,에어로치노
2025-04-25,15.61181,에어로치노
2025-04-26,13.5021,에어로치노
2025-04-27,17.93248,에어로치노
2025-04-28,19.40928,에어로치노
2025-04-29,18.5654,에어로치노
2025-04-30,18.35443,에어로치노
2025-05-01,22.78481,에어로치노
2025-05-02,17.72151,에어로치노
2025-05-03,25.94936,에어로치노
2025-05-04,17.72151,에어로치노
2025-05-05,20.04219,에어로치노
2025-05-06,21.30801,에어로치노
2025-05-07,16.03375,에어로치노
2025-05-08,21.94092,에어로치노
2025-05-09,21.94092,에어로치노
2025-05-10,19.19831,에어로치노
2025-05-11,24.89451,에어로치노
2025-05-12,22.78481,에어로치노
2025-05-13,18.77637,에어로치노
2025-05-14,16.03375,에어로치노
2025-05-15,15.18987,에어로치노
2025-05-16,17.72151,에어로치노
2025-05-17,11.18143,에어로치노
2025-05-18,16.24472,에어로치노
2025-05-19,15.82278,에어로치노
2025-05-20,17.0886,에어로치노
2025-05-21,15.18987,에어로치노
2025-05-22,13.5021,에어로치노
2025-05-23,10.97046,에어로치노
2025-05-24,10.54852,에어로치노
2025-05-25,13.08016,에어로치노
2025-05-26,12.44725,에어로치노
2025-05-27,9.07172,에어로치노
2025-05-28,8.64978,에어로치노
2025-05-29,11.60337,에어로치노
2025-05-30,10.33755,에어로치노
2025-05-31,6.54008,에어로치노
2025-06-01,10.75949,에어로치노
2025-06-02,12.86919,에어로치노
2025-06-03,13.71308,에어로치노
2025-06-04,11.3924,에어로치노
2025-06-05,10.75949,에어로치노
2025-06-06,10.12658,에어로치노
2025-06-07,9.07172,에어로치노
2025-06-08,10.97046,에어로치노
2025-06-09,9.70464,에어로치노
2025-06-10,12.02531,에어로치노
2025-06-11,9.91561,에어로치노
2025-06-12,6.96202,에어로치노
2025-06-13,9.07172,에어로치노
2025-06-14,9.07172,에어로치노
2025-06-15,10.97046,에어로치노
2025-06-16,10.97046,에어로치노
2025-06-17,13.92405,에어로치노
2025-06-18,8.43881,에어로치노
2025-06-19,12.23628,에어로치노
2025-06-20,10.54852,에어로치노
2025-06-21,10.75949,에어로치노
2025-06-22,10.97046,에어로치노
2025-06-23,10.97046,에어로치노
2025-06-24,9.91561,에어로치노
2025-06-25,9.91561,에어로치노
2025-06-26,8.01687,에어로치노
2025-06-27,10.75949,에어로치노
2025-06-28,8.64978,에어로치노
2025-06-29,13.71308,에어로치노
2025-06-30,9.07172,에어로치노
2025-07-01,10.12658,에어로치노
2025-07-02,11.3924,에어로치노
2025-07-03,9.91561,에어로치노
2025-07-04,8.64978,에어로치노
2025-07-05,7.8059,에어로치노
2025-07-06,9.49367,에어로치노
2025-07-07,8.43881,에어로치노
2025-07-08,8.64978,에어로치노
2025-07-09,9.70464,에어로치노
2025-07-10,10.12658,에어로치노
2025-07-11,9.70464,에어로치노
2025-07-12,9.49367,에어로치노
2025-07-13,9.70464,에어로치노
2025-07-14,14.55696,에어로치노
2025-07-15,10.75949,에어로치노
2025-07-16,11.81434,에어로치노
2025-07-17,11.3924,에어로치노
2025-07-18,8.86075,에어로치노
2025-07-19,8.86075,에어로치노
2025-07-20,10.97046,에어로치노
2025-07-21,8.01687,에어로치노
2025-07-22,11.81434,에어로치노
2025-07-23,12.02531,에어로치노
2025-07-24,9.70464,에어로치노
2025-07-25,9.70464,에어로치노
2025-07-26,7.59493,에어로치노
2025-07-27,7.59493,에어로치노
2025-07-28,8.64978,에어로치노
2025-07-29,9.49367,에어로치노
2025-07-30,9.70464,에어로치노
2025-07-31,10.75949,에어로치노
2025-08-01,15.61181,에어로치노
2025-08-02,10.33755,에어로치노
2025-08-03,13.29113,에어로치노
2025-08-04,26.3713,에어로치노
2025-08-05,15.18987,에어로치노
2025-08-06,15.61181,에어로치노
2025-08-07,15.61181,에어로치노
2025-08-08,20.04219,에어로치노
2025-08-09,12.23628,에어로치노
2025-08-10,16.45569,에어로치노
2025-08-11,9.07172,에어로치노
2025-08-12,20.04219,에어로치노
2025-08-13,14.34599,에어로치노
2025-08-14,14.34599,에어로치노
2025-08-15,7.59493,에어로치노
2025-08-16,8.86075,에어로치노
2025-08-17,12.86919,에어로치노
2025-08-18,11.81434,에어로치노
2025-08-19,13.92405,에어로치노
2025-08-20,13.92405,에어로치노
2025-08-21,11.18143,에어로치노
2025-08-22,9.07172,에어로치노
2025-08-23,10.54852,에어로치노
2025-08-24,11.81434,에어로치노
2025-08-25,9.91561,에어로치노
2025-08-26,10.12658,에어로치노
2025-08-27,12.44725,에어로치노
2025-08-28,9.49367,에어로치노
2025-08-29,10.33755,에어로치노
2025-08-30,10.97046,에어로치노
2025-08-31,13.92405,에어로치노
2025-09-01,13.92405,에어로치노
2025-09-02,13.5021,에어로치노
2025-09-03,13.08016,에어로치노
2025-09-04,16.45569,에어로치노
2025-09-05,13.08016,에어로치노
2025-09-06,12.44725,에어로치노
2025-09-07,16.87763,에어로치노
2025-09-08,17.93248,에어로치노
2025-09-09,14.34599,에어로치노
2025-09-10,20.46413,에어로치노
2025-09-11,16.66666,에어로치노
2025-09-12,14.13502,에어로치노
2025-09-13,13.71308,에어로치노
2025-09-14,17.0886,에어로치노
2025-09-15,18.5654,에어로치노
2025-09-16,15.18987,에어로치노
2025-09-17,13.92405,에어로치노
2025-09-18,13.92405,에어로치노
2025-09-19,21.51898,에어로치노
2025-09-20,15.61181,에어로치노
2025-09-21,16.03375,에어로치노
2025-09-22,19.40928,에어로치노
2025-09-23,16.45569,에어로치노
2025-09-24,40.50632,에어로치노
2025-09-25,22.78481,에어로치노
2025-09-26,20.46413,에어로치노
2025-09-27,18.14345,에어로치노
2025-09-28,20.04219,에어로치노
2025-09-29,27.00421,에어로치노
2025-09-30,23.41772,에어로치노
2025-10-01,15.18987,에어로치노
2025-10-02,18.77637,에어로치노
2025-10-03,16.45569,에어로치노
2025-10-04,15.82278,에어로치노
2025-10-05,19.40928,에어로치노
2025-10-06,13.29113,에어로치노
2025-10-07,15.61181,에어로치노
2025-10-08,16.87763,에어로치노
2025-10-09,21.30801,에어로치노
2025-10-10,22.78481,에어로치노
2025-10-11,23.41772,에어로치노
2025-10-12,24.68354,에어로치노
2025-10-13,25.10548,에어로치노
2025-10-14,24.89451,에어로치노
2025-10-15,17.93248,에어로치노
2025-10-16,21.51898,에어로치노
2025-10-17,18.77637,에어로치노
2025-10-18,22.78481,에어로치노
2025-10-19,20.6751,에어로치노
2025-10-20,50.84388,에어로치노
2025-10-21,36.91983,에어로치노
2025-10-22,26.79324,에어로치노
2025-10-23,21.09704,에어로치노
2025-10-24,26.58227,에어로치노
2025-10-25,27.00421,에어로치노
2025-10-26,29.11392,에어로치노
2025-10-27,34.38818,에어로치노
2025-10-28,33.75527,에어로치노
2025-10-29,31.85654,에어로치노
2025-10-30,35.44303,에어로치노
2025-10-31,30.80168,에어로치노
2025-11-01,22.57383,에어로치노
2025-11-02,27.63713,에어로치노
2025-11-03,25.10548,에어로치노
2025-11-04,29.32489,에어로치노
2025-11-05,26.3713,에어로치노
2025-11-06,21.51898,에어로치노
2025-11-07,21.09704,에어로치노
2025-11-08,23.62869,에어로치노
2025-11-09,24.05063,에어로치노
2025-11-10,24.47257,에어로치노
2025-11-11,24.89451,에어로치노
2025-11-12,23.83966,에어로치노
2025-11-13,20.04219,에어로치노
2025-11-14,18.14345,에어로치노
2025-11-15,17.29957,에어로치노
2025-11-16,29.32489,에어로치노
2025-11-17,31.22362,에어로치노
2025-11-18,31.01265,에어로치노
2025-11-19,30.59071,에어로치노
2025-11-20,27.21518,에어로치노
2025-11-21,22.99578,에어로치노
2025-11-22,20.6751,에어로치노
2025-11-23,26.3713,에어로치노
2025-11-24,29.53586,에어로치노
2025-11-25,28.05907,에어로치노
2025-11-26,28.90295,에어로치노
2025-11-27,24.47257,에어로치노
2025-11-28,26.3713,에어로치노
2025-11-29,23.41772,에어로치노
2025-11-30,22.57383,에어로치노
2025-12-01,31.85654,에어로치노
2025-12-02,27.42616,에어로치노
2025-12-03,33.33333,에어로치노
2025-12-04,25.52742,에어로치노
2025-12-05,26.58227,에어로치노
2025-12-06,25.10548,에어로치노
2025-12-07,29.11392,에어로치노
2025-12-08,37.1308,에어로치노
2025-12-09,33.5443,에어로치노
2025-12-10,31.22362,에어로치노
2025-12-11,44.09282,에어로치노
2025-12-12,26.16033,에어로치노
2025-12-13,24.2616,에어로치노
2025-12-14,35.02109,에어로치노
2025-12-15,36.49789,에어로치노
2025-12-16,29.74683,에어로치노
2025-12-17,28.90295,에어로치노
2025-12-18,32.70042,에어로치노
2025-12-19,26.3713,에어로치노
2025-12-20,25.73839,에어로치노
2025-12-21,29.74683,에어로치노
2025-12-22,29.74683,에어로치노
2025-12-23,22.99578,에어로치노
2025-12-24,22.78481,에어로치노
2025-12-25,24.47257,에어로치노
2025-12-26,27.21518,에어로치노
2025-12-27,26.79324,에어로치노
2025-12-28,38.81856,에어로치노
2025-12-29,35.654,에어로치노
2025-12-30,26.58227,에어로치노
2025-12-31,22.15189,에어로치노
2026-01-01,30.37974,에어로치노
2026-01-02,25.52742,에어로치노
2026-01-03,28.05907,에어로치노
2026-01-04,29.11392,에어로치노
2026-01-05,20.04219,에어로치노
2026-01-06,27.42616,에어로치노
2026-01-07,20.04219,에어로치노
2026-01-08,25.73839,에어로치노
2026-01-09,24.2616,에어로치노
2026-01-10,24.2616,에어로치노
2026-01-11,25.94936,에어로치노
2026-01-12,30.16877,에어로치노
2026-01-13,26.3713,에어로치노
2026-01-14,22.57383,에어로치노
2026-01-15,25.10548,에어로치노
2026-01-16,22.78481,에어로치노
2026-01-17,21.51898,에어로치노
2026-01-18,28.69198,에어로치노
2026-01-19,21.72995,에어로치노
2026-01-20,20.88607,에어로치노
2026-01-21,21.09704,에어로치노
2026-01-22,23.41772,에어로치노
2026-01-23,19.62025,에어로치노
2026-01-24,26.3713,에어로치노
2026-01-25,24.47257,에어로치노
2026-01-26,23.41772,에어로치노
2026-01-27,24.2616,에어로치노
2026-01-28,20.88607,에어로치노
2026-01-29,21.30801,에어로치노
2026-01-30,18.14345,에어로치노
2026-01-31,22.78481,에어로치노
2026-02-01,22.36286,에어로치노
2026-02-02,18.77637,에어로치노
2026-02-03,21.51898,에어로치노
2026-02-04,22.99578,에어로치노
2026-02-05,18.35443,에어로치노
2026-02-06,15.82278,에어로치노
2026-02-07,22.15189,에어로치노
2026-02-08,21.51898,에어로치노
2026-02-09,22.57383,에어로치노
2026-02-10,33.96624,에어로치노
2026-02-11,26.58227,에어로치노
2026-02-12,20.04219,에어로치노
2026-02-13,17.29957,에어로치노
2026-02-14,20.04219,에어로치노
2026-02-15,18.77637,에어로치노
2026-02-16,15.61181,에어로치노
2026-02-17,21.30801,에어로치노
2026-02-18,27.8481,에어로치노
2026-02-19,25.94936,에어로치노
2026-02-20,16.87763,에어로치노
2026-02-21,20.88607,에어로치노
2026-02-22,22.99578,에어로치노
2026-02-23,44.09282,에어로치노
2026-02-24,44.72573,에어로치노
2026-02-25,50.84388,에어로치노
2026-02-26,100.0,에어로치노
2026-02-27,75.31645,에어로치노
2026-02-28,72.99578,에어로치노
2026-03-01,66.03375,에어로치노
2026-03-02,58.64978,에어로치노
2026-03-03,55.06329,에어로치노
2026-03-04,49.57805,에어로치노
2026-03-05,39.2405,에어로치노
2026-03-06,42.19409,에어로치노
2026-03-07,37.34177,에어로치노
2026-03-08,43.88185,에어로치노
2026-03-09,31.01265,에어로치노
2026-03-10,37.1308,에어로치노
2026-03-11,33.75527,에어로치노
2026-03-12,33.5443,에어로치노
2026-03-13,35.86497,에어로치노
2026-03-14,32.91139,에어로치노
2026-03-15,31.43459,에어로치노
2026-03-16,30.37974,에어로치노
2026-03-17,33.75527,에어로치노
2025-03-18,31.01265,우유스팀기
2025-03-19,29.32489,우유스팀기
2025-03-20,30.59071,우유스팀기
2025-03-21,21.51898,우유스팀기
2025-03-22,20.25316,우유스팀기
2025-03-23,22.99578,우유스팀기
2025-03-24,24.05063,우유스팀기
2025-03-25,22.99578,우유스팀기
2025-03-26,19.19831,우유스팀기
2025-03-27,20.46413,우유스팀기
2025-03-28,20.46413,우유스팀기
2025-03-29,23.62869,우유스팀기
2025-03-30,24.89451,우유스팀기
2025-03-31,25.52742,우유스팀기
2025-04-01,18.14345,우유스팀기
2025-04-02,20.04219,우유스팀기
2025-04-03,23.62869,우유스팀기
2025-04-04,20.25316,우유스팀기
2025-04-05,25.94936,우유스팀기
2025-04-06,20.04219,우유스팀기
2025-04-07,19.62025,우유스팀기
2025-04-08,19.19831,우유스팀기
2025-04-09,23.62869,우유스팀기
2025-04-10,16.45569,우유스팀기
2025-04-11,18.5654,우유스팀기
2025-04-12,17.51054,우유스팀기
2025-04-13,23.62869,우유스팀기
2025-04-14,29.9578,우유스팀기
2025-04-15,19.62025,우유스팀기
2025-04-16,24.68354,우유스팀기
2025-04-17,20.46413,우유스팀기
2025-04-18,15.40084,우유스팀기
2025-04-19,14.13502,우유스팀기
2025-04-20,17.93248,우유스팀기
2025-04-21,18.5654,우유스팀기
2025-04-22,20.6751,우유스팀기
2025-04-23,16.45569,우유스팀기
2025-04-24,17.51054,우유스팀기
2025-04-25,12.86919,우유스팀기
2025-04-26,14.13502,우유스팀기
2025-04-27,19.40928,우유스팀기
2025-04-28,13.29113,우유스팀기
2025-04-29,16.66666,우유스팀기
2025-04-30,11.81434,우유스팀기
2025-05-01,16.87763,우유스팀기
2025-05-02,9.91561,우유스팀기
2025-05-03,19.83122,우유스팀기
2025-05-04,13.71308,우유스팀기
2025-05-05,22.78481,우유스팀기
2025-05-06,17.0886,우유스팀기
2025-05-07,14.55696,우유스팀기
2025-05-08,13.92405,우유스팀기
2025-05-09,15.40084,우유스팀기
2025-05-10,16.66666,우유스팀기
2025-05-11,15.61181,우유스팀기
2025-05-12,14.13502,우유스팀기
2025-05-13,13.5021,우유스팀기
2025-05-14,10.97046,우유스팀기
2025-05-15,13.5021,우유스팀기
2025-05-16,15.40084,우유스팀기
2025-05-17,11.81434,우유스팀기
2025-05-18,14.55696,우유스팀기
2025-05-19,13.71308,우유스팀기
2025-05-20,15.61181,우유스팀기
2025-05-21,12.86919,우유스팀기
2025-05-22,12.44725,우유스팀기
2025-05-23,13.92405,우유스팀기
2025-05-24,11.60337,우유스팀기
2025-05-25,10.75949,우유스팀기
2025-05-26,10.33755,우유스팀기
2025-05-27,12.44725,우유스팀기
2025-05-28,11.3924,우유스팀기
2025-05-29,10.97046,우유스팀기
2025-05-30,12.44725,우유스팀기
2025-05-31,10.33755,우유스팀기
2025-06-01,11.18143,우유스팀기
2025-06-02,13.08016,우유스팀기
2025-06-03,11.81434,우유스팀기
2025-06-04,13.29113,우유스팀기
2025-06-05,10.33755,우유스팀기
2025-06-06,10.33755,우유스팀기
2025-06-07,8.01687,우유스팀기
2025-06-08,10.97046,우유스팀기
2025-06-09,9.49367,우유스팀기
2025-06-10,7.8059,우유스팀기
2025-06-11,15.82278,우유스팀기
2025-06-12,10.12658,우유스팀기
2025-06-13,6.75105,우유스팀기
2025-06-14,10.33755,우유스팀기
2025-06-15,8.86075,우유스팀기
2025-06-16,9.91561,우유스팀기
2025-06-17,12.44725,우유스팀기
2025-06-18,12.02531,우유스팀기
2025-06-19,10.12658,우유스팀기
2025-06-20,13.29113,우유스팀기
2025-06-21,9.70464,우유스팀기
2025-06-22,7.59493,우유스팀기
2025-06-23,7.8059,우유스팀기
2025-06-24,9.91561,우유스팀기
2025-06-25,9.91561,우유스팀기
2025-06-26,14.55696,우유스팀기
2025-06-27,11.60337,우유스팀기
2025-06-28,8.22784,우유스팀기
2025-06-29,8.86075,우유스팀기
2025-06-30,8.86075,우유스팀기
2025-07-01,10.12658,우유스팀기
2025-07-02,8.43881,우유스팀기
2025-07-03,8.43881,우유스팀기
2025-07-04,10.33755,우유스팀기
2025-07-05,7.59493,우유스팀기
2025-07-06,5.06329,우유스팀기
2025-07-07,9.70464,우유스팀기
2025-07-08,8.64978,우유스팀기
2025-07-09,6.11814,우유스팀기
2025-07-10,7.38396,우유스팀기
2025-07-11,7.59493,우유스팀기
2025-07-12,7.17299,우유스팀기
2025-07-13,7.8059,우유스팀기
2025-07-14,9.2827,우유스팀기
2025-07-15,10.97046,우유스팀기
2025-07-16,9.2827,우유스팀기
2025-07-17,11.81434,우유스팀기
2025-07-18,9.07172,우유스팀기
2025-07-19,8.22784,우유스팀기
2025-07-20,8.43881,우유스팀기
2025-07-21,7.8059,우유스팀기
2025-07-22,6.75105,우유스팀기
2025-07-23,8.22784,우유스팀기
2025-07-24,6.11814,우유스팀기
2025-07-25,8.43881,우유스팀기
2025-07-26,4.85232,우유스팀기
2025-07-27,6.11814,우유스팀기
2025-07-28,6.32911,우유스팀기
2025-07-29,8.01687,우유스팀기
2025-07-30,8.43881,우유스팀기
2025-07-31,9.91561,우유스팀기
2025-08-01,6.11814,우유스팀기
2025-08-02,6.32911,우유스팀기
2025-08-03,8.22784,우유스팀기
2025-08-04,10.97046,우유스팀기
2025-08-05,9.49367,우유스팀기
2025-08-06,9.49367,우유스팀기
2025-08-07,10.12658,우유스팀기
2025-08-08,8.22784,우유스팀기
2025-08-09,9.70464,우유스팀기
2025-08-10,8.86075,우유스팀기
2025-08-11,9.2827,우유스팀기
2025-08-12,10.54852,우유스팀기
2025-08-13,10.54852,우유스팀기
2025-08-14,9.2827,우유스팀기
2025-08-15,6.54008,우유스팀기
2025-08-16,11.81434,우유스팀기
2025-08-17,7.59493,우유스팀기
2025-08-18,10.12658,우유스팀기
2025-08-19,9.49367,우유스팀기
2025-08-20,10.54852,우유스팀기
2025-08-21,9.70464,우유스팀기
2025-08-22,12.23628,우유스팀기
2025-08-23,10.97046,우유스팀기
2025-08-24,11.18143,우유스팀기
2025-08-25,10.54852,우유스팀기
2025-08-26,13.71308,우유스팀기
2025-08-27,11.60337,우유스팀기
2025-08-28,11.18143,우유스팀기
2025-08-29,11.60337,우유스팀기
2025-08-30,9.2827,우유스팀기
2025-08-31,14.55696,우유스팀기
2025-09-01,14.34599,우유스팀기
2025-09-02,9.07172,우유스팀기
2025-09-03,10.54852,우유스팀기
2025-09-04,15.40084,우유스팀기
2025-09-05,13.5021,우유스팀기
2025-09-06,12.65822,우유스팀기
2025-09-07,20.25316,우유스팀기
2025-09-08,16.24472,우유스팀기
2025-09-09,19.62025,우유스팀기
2025-09-10,20.46413,우유스팀기
2025-09-11,14.76793,우유스팀기
2025-09-12,14.13502,우유스팀기
2025-09-13,17.72151,우유스팀기
2025-09-14,17.72151,우유스팀기
2025-09-15,23.20675,우유스팀기
2025-09-16,18.77637,우유스팀기
2025-09-17,19.40928,우유스팀기
2025-09-18,22.99578,우유스팀기
2025-09-19,21.94092,우유스팀기
2025-09-20,19.40928,우유스팀기
2025-09-21,22.15189,우유스팀기
2025-09-22,22.15189,우유스팀기
2025-09-23,23.62869,우유스팀기
2025-09-24,22.36286,우유스팀기
2025-09-25,22.36286,우유스팀기
2025-09-26,22.15189,우유스팀기
2025-09-27,12.86919,우유스팀기
2025-09-28,22.99578,우유스팀기
2025-09-29,23.20675,우유스팀기
2025-09-30,20.88607,우유스팀기
2025-10-01,15.82278,우유스팀기
2025-10-02,17.29957,우유스팀기
2025-10-03,23.41772,우유스팀기
2025-10-04,14.34599,우유스팀기
2025-10-05,17.93248,우유스팀기
2025-10-06,22.36286,우유스팀기
2025-10-07,19.19831,우유스팀기
2025-10-08,20.88607,우유스팀기
2025-10-09,23.20675,우유스팀기
2025-10-10,24.89451,우유스팀기
2025-10-11,28.69198,우유스팀기
2025-10-12,29.9578,우유스팀기
2025-10-13,34.59915,우유스팀기
2025-10-14,34.17721,우유스팀기
2025-10-15,32.48945,우유스팀기
2025-10-16,25.52742,우유스팀기
2025-10-17,21.30801,우유스팀기
2025-10-18,28.69198,우유스팀기
2025-10-19,26.3713,우유스팀기
2025-10-20,50.42194,우유스팀기
2025-10-21,47.89029,우유스팀기
2025-10-22,43.88185,우유스팀기
2025-10-23,35.86497,우유스팀기
2025-10-24,30.80168,우유스팀기
2025-10-25,24.89451,우유스팀기
2025-10-26,42.40506,우유스팀기
2025-10-27,49.15611,우유스팀기
2025-10-28,56.75105,우유스팀기
2025-10-29,41.77215,우유스팀기
2025-10-30,38.39662,우유스팀기
2025-10-31,28.27004,우유스팀기
2025-11-01,28.48101,우유스팀기
2025-11-02,46.83544,우유스팀기
2025-11-03,50.84388,우유스팀기
2025-11-04,41.98312,우유스팀기
2025-11-05,39.02953,우유스팀기
2025-11-06,35.654,우유스팀기
2025-11-07,30.37974,우유스팀기
2025-11-08,33.12236,우유스팀기
2025-11-09,39.02953,우유스팀기
2025-11-10,42.61603,우유스팀기
2025-11-11,36.07594,우유스팀기
2025-11-12,38.39662,우유스팀기
2025-11-13,39.02953,우유스팀기
2025-11-14,34.81012,우유스팀기
2025-11-15,27.00421,우유스팀기
2025-11-16,36.91983,우유스팀기
2025-11-17,50.21097,우유스팀기
2025-11-18,51.05485,우유스팀기
2025-11-19,50.84388,우유스팀기
2025-11-20,42.40506,우유스팀기
2025-11-21,39.66244,우유스팀기
2025-11-22,32.48945,우유스팀기
2025-11-23,35.86497,우유스팀기
2025-11-24,41.98312,우유스팀기
2025-11-25,40.71729,우유스팀기
2025-11-26,32.91139,우유스팀기
2025-11-27,41.98312,우유스팀기
2025-11-28,39.2405,우유스팀기
2025-11-29,33.12236,우유스팀기
2025-11-30,34.59915,우유스팀기
2025-12-01,38.39662,우유스팀기
2025-12-02,37.55274,우유스팀기
2025-12-03,48.31223,우유스팀기
2025-12-04,49.78902,우유스팀기
2025-12-05,39.87341,우유스팀기
2025-12-06,36.28691,우유스팀기
2025-12-07,36.07594,우유스팀기
2025-12-08,47.67932,우유스팀기
2025-12-09,51.68776,우유스팀기
2025-12-10,37.97468,우유스팀기
2025-12-11,41.13924,우유스팀기
2025-12-12,36.70886,우유스팀기
2025-12-13,42.19409,우유스팀기
2025-12-14,49.15611,우유스팀기
2025-12-15,55.6962,우유스팀기
2025-12-16,41.77215,우유스팀기
2025-12-17,42.40506,우유스팀기
2025-12-18,36.70886,우유스팀기
2025-12-19,33.12236,우유스팀기
2025-12-20,32.70042,우유스팀기
2025-12-21,40.08438,우유스팀기
2025-12-22,36.28691,우유스팀기
2025-12-23,33.96624,우유스팀기
2025-12-24,30.59071,우유스팀기
2025-12-25,31.43459,우유스팀기
2025-12-26,35.23206,우유스팀기
2025-12-27,35.23206,우유스팀기
2025-12-28,37.55274,우유스팀기
2025-12-29,31.22362,우유스팀기
2025-12-30,36.70886,우유스팀기
2025-12-31,26.16033,우유스팀기
2026-01-01,38.39662,우유스팀기
2026-01-02,37.34177,우유스팀기
2026-01-03,41.98312,우유스팀기
2026-01-04,48.5232,우유스팀기
2026-01-05,37.34177,우유스팀기
2026-01-06,31.85654,우유스팀기
2026-01-07,32.48945,우유스팀기
2026-01-08,36.70886,우유스팀기
2026-01-09,32.27848,우유스팀기
2026-01-10,35.23206,우유스팀기
2026-01-11,39.2405,우유스팀기
2026-01-12,36.91983,우유스팀기
2026-01-13,36.91983,우유스팀기
2026-01-14,35.86497,우유스팀기
2026-01-15,32.91139,우유스팀기
2026-01-16,31.85654,우유스팀기
2026-01-17,26.79324,우유스팀기
2026-01-18,30.59071,우유스팀기
2026-01-19,29.53586,우유스팀기
2026-01-20,31.64556,우유스팀기
2026-01-21,32.27848,우유스팀기
2026-01-22,30.80168,우유스팀기
2026-01-23,32.27848,우유스팀기
2026-01-24,29.9578,우유스팀기
2026-01-25,38.81856,우유스팀기
2026-01-26,37.55274,우유스팀기
2026-01-27,32.91139,우유스팀기
2026-01-28,30.80168,우유스팀기
2026-01-29,29.9578,우유스팀기
2026-01-30,27.42616,우유스팀기
2026-01-31,37.34177,우유스팀기
2026-02-01,37.55274,우유스팀기
2026-02-02,32.70042,우유스팀기
2026-02-03,31.64556,우유스팀기
2026-02-04,29.74683,우유스팀기
2026-02-05,28.90295,우유스팀기
2026-02-06,26.58227,우유스팀기
2026-02-07,35.23206,우유스팀기
2026-02-08,34.38818,우유스팀기
2026-02-09,28.05907,우유스팀기
2026-02-10,29.53586,우유스팀기
2026-02-11,25.94936,우유스팀기
2026-02-12,26.58227,우유스팀기
2026-02-13,20.46413,우유스팀기
2026-02-14,23.83966,우유스팀기
2026-02-15,18.35443,우유스팀기
2026-02-16,20.25316,우유스팀기
2026-02-17,24.89451,우유스팀기
2026-02-18,25.31645,우유스팀기
2026-02-19,25.94936,우유스팀기
2026-02-20,22.57383,우유스팀기
2026-02-21,22.36286,우유스팀기
2026-02-22,30.37974,우유스팀기
2026-02-23,26.58227,우유스팀기
2026-02-24,26.3713,우유스팀기
2026-02-25,22.57383,우유스팀기
2026-02-26,28.90295,우유스팀기
2026-02-27,18.14345,우유스팀기
2026-02-28,22.57383,우유스팀기
2026-03-01,21.09704,우유스팀기
2026-03-02,27.42616,우유스팀기
2026-03-03,17.93248,우유스팀기
2026-03-04,20.25316,우유스팀기
2026-03-05,20.25316,우유스팀기
2026-03-06,22.57383,우유스팀기
2026-03-07,20.6751,우유스팀기
2026-03-08,22.57383,우유스팀기
2026-03-09,22.36286,우유스팀기
2026-03-10,22.57383,우유스팀기
2026-03-11,23.62869,우유스팀기
2026-03-12,21.72995,우유스팀기
2026-03-13,22.99578,우유스팀기
2026-03-14,20.25316,우유스팀기
2026-03-15,23.62869,우유스팀기
2026-03-16,20.25316,우유스팀기
2026-03-17,20.25316,우유스팀기
